{"created_at":"2019-07-31T09:36:18.370Z","updated_at":"2019-07-31T09:36:25.602Z","title":"Top Rated","uid":"top_rated","_version":2,"inbuilt_class":false,"schema":[{"display_name":"Title","uid":"title","data_type":"text","mandatory":true,"unique":true,"field_metadata":{"_default":true,"version":3},"multiple":false,"non_localizable":false},{"display_name":"URL","uid":"url","data_type":"text","mandatory":false,"field_metadata":{"_default":true,"version":3},"multiple":false,"unique":false,"non_localizable":false},{"data_type":"text","display_name":"Description","uid":"description","field_metadata":{"description":"","default_value":"","multiline":true,"version":3},"format":"","error_messages":{"format":""},"mandatory":true,"multiple":false,"unique":false,"non_localizable":false},{"data_type":"text","display_name":"cardPreview","uid":"cardpreview","field_metadata":{"description":"","default_value":"","version":3},"format":"","error_messages":{"format":""},"multiple":false,"mandatory":false,"unique":false,"non_localizable":false},{"data_type":"text","display_name":"Studio","uid":"studio","field_metadata":{"description":"","default_value":"Studio Default","version":3},"format":"","error_messages":{"format":""},"multiple":false,"mandatory":false,"unique":false,"non_localizable":false},{"data_type":"file","display_name":"Vids_File","uid":"vids_file","extensions":[],"field_metadata":{"description":"","rich_text_type":"standard"},"multiple":false,"mandatory":false,"unique":false,"non_localizable":false},{"data_type":"text","display_name":"Trailor","uid":"trailor","field_metadata":{"description":"","default_value":"","version":3},"format":"","error_messages":{"format":""},"multiple":false,"mandatory":false,"unique":false,"non_localizable":false}],"last_activity":{"environments":[{"uid":"blt5586de6ec08bc231","details":[{"locale":"en-us","time":"2019-07-31T12:19:54.743Z"}]}]},"maintain_revisions":true,"description":"","options":{"is_page":true,"singleton":false,"title":"title","sub_title":[],"url_pattern":"/:title","url_prefix":"/"},"abilities":{"get_one_object":true,"get_all_objects":true,"create_object":true,"update_object":true,"delete_object":true,"delete_all_objects":true},"DEFAULT_ACL":[{"k":"others","v":{"read":false,"create":false}},{"k":"users.bltb875c56e00ffd791","v":{"read":true,"sub_acl":{"read":true}}}],"SYS_ACL":{"roles":[]}}